INSERT INTO users (user_id, username, email, password, phone_number, created_at) VALUES
(1, 'john_doe', 'john.doe@example.com', 'password123', '081234567890', '2023-01-01 10:00:00'),
(2, 'jane_smith', 'jane.smith@example.com', 'password456', '081234567891', '2023-02-01 12:00:00'),
(3, 'jackson_brown', 'jackson.brown@example.com', 'password789', '081234567892', '2023-03-01 14:00:00'),
(4, 'michael_jones', 'michael.jones@example.com', 'password101', '081234567893', '2023-04-01 16:00:00'),
(5, 'emily_davis', 'emily.davis@example.com', 'password202', '081234567894', '2023-05-01 18:00:00'),
(6, 'chris_wilson', 'chris.wilson@example.com', 'password303', '081234567895', '2023-06-01 20:00:00'),
(7, 'lily_martin', 'lily.martin@example.com', 'password404', '081234567896', '2023-07-01 22:00:00'),
(8, 'benjamin_lee', 'benjamin.lee@example.com', 'password505', '081234567897', '2023-08-01 10:00:00'),
(9, 'olivia_harris', 'olivia.harris@example.com', 'password606', '081234567898', '2023-09-01 12:00:00'),
(10, 'noah_garcia', 'noah.garcia@example.com', 'password707', '081234567899', '2023-10-01 14:00:00'),
(11, 'mia_rodriquez', 'mia.rodriquez@example.com', 'password808', '081234567910', '2023-11-01 16:00:00'),
(12, 'jack_smith', 'jack.smith@example.com', 'password909', '081234567911', '2023-12-01 18:00:00'),
(13, 'lucas_martinez', 'lucas.martinez@example.com', 'password1010', '081234567912', '2023-01-01 20:00:00'),
(14, 'hannah_jackson', 'hannah.jackson@example.com', 'password1111', '081234567913', '2023-02-01 22:00:00'),
(15, 'david_white', 'david.white@example.com', 'password1212', '081234567914', '2023-03-01 10:00:00'),
(16, 'ella_thompson', 'ella.thompson@example.com', 'password1313', '081234567915', '2023-04-01 12:00:00'),
(17, 'james_robinson', 'james.robinson@example.com', 'password1414', '081234567916', '2023-05-01 14:00:00'),
(18, 'sophia_lopez', 'sophia.lopez@example.com', 'password1515', '081234567917', '2023-06-01 16:00:00'),
(19, 'william_clark', 'william.clark@example.com', 'password1616', '081234567918', '2023-07-01 18:00:00'),
(20, 'ava_walker', 'ava.walker@example.com', 'password1717', '081234567919', '2023-08-01 20:00:00'),
(21, 'henry_hall', 'henry.hall@example.com', 'password1818', '081234567920', '2023-09-01 22:00:00'),
(22, 'mia_allen', 'mia.allen@example.com', 'password1919', '081234567921', '2023-10-01 10:00:00'),
(23, 'samuel_young', 'samuel.young@example.com', 'password2020', '081234567922', '2023-11-01 12:00:00'),
(24, 'ella_hernandez', 'ella.hernandez@example.com', 'password2121', '081234567923', '2023-12-01 14:00:00'),
(25, 'jacob_kim', 'jacob.kim@example.com', 'password2222', '081234567924', '2023-01-01 16:00:00'),
(26, 'chloe_carter', 'chloe.carter@example.com', 'password2323', '081234567925', '2023-02-01 18:00:00'),
(27, 'daniel_diaz', 'daniel.diaz@example.com', 'password2424', '081234567926', '2023-03-01 20:00:00'),
(28, 'isabella_evans', 'isabella.evans@example.com', 'password2525', '081234567927', '2023-04-01 22:00:00'),
(29, 'aiden_brown', 'aiden.brown@example.com', 'password2626', '081234567928', '2023-05-01 10:00:00'),
(30, 'grace_moore', 'grace.moore@example.com', 'password2727', '081234567929', '2023-06-01 12:00:00'),
(31, 'zachary_taylor', 'zachary.taylor@example.com', 'password2828', '081234567930', '2023-07-01 14:00:00'),
(32, 'ella_jackson', 'ella.jackson@example.com', 'password2929', '081234567931', '2023-08-01 16:00:00'),
(33, 'leo_martinez', 'leo.martinez@example.com', 'password3030', '081234567932', '2023-09-01 18:00:00'),
(34, 'madeline_gonzalez', 'madeline.gonzalez@example.com', 'password3131', '081234567933', '2023-10-01 20:00:00'),
(35, 'jackson_lee', 'jackson.lee@example.com', 'password3232', '081234567934', '2023-11-01 22:00:00'),
(36, 'sofia_king', 'sofia.king@example.com', 'password3333', '081234567935', '2023-12-01 10:00:00'),
(37, 'aiden_scott', 'aiden.scott@example.com', 'password3434', '081234567936', '2023-01-01 12:00:00'),
(38, 'lily_garcia', 'lily.garcia@example.com', 'password3535', '081234567937', '2023-02-01 14:00:00'),
(39, 'sophie_lee', 'sophie.lee@example.com', 'password3636', '081234567938', '2023-03-01 16:00:00'),
(40, 'mason_wilson', 'mason.wilson@example.com', 'password3737', '081234567939', '2023-04-01 18:00:00'),
(41, 'baco', 'baco.wilson@example.com', 'password3637', '081238567939', '2023-04-01 18:00:00'),
(42, 'oliver_taylor', 'oliver.taylor@example.com', 'password3838', '081234567940', '2023-05-01 20:00:00'),
(43, 'lucy_lee', 'lucy.lee@example.com', 'password3939', '081234567941', '2023-06-01 22:00:00'),
(44, 'matthew_moore', 'matthew.moore@example.com', 'password4040', '081234567942', '2023-07-01 10:00:00'),
(45, 'madison_clark', 'madison.clark@example.com', 'password4141', '081234567943', '2023-08-01 12:00:00'),
(46, 'charlotte_hall', 'charlotte.hall@example.com', 'password4242', '081234567944', '2023-09-01 14:00:00'),
(47, 'joshua_jones', 'joshua.jones@example.com', 'password4343', '081234567945', '2023-10-01 16:00:00'),
(48, 'victoria_smith', 'victoria.smith@example.com', 'password4444', '081234567946', '2023-01-01 22:00:00'),
(49, 'scarlett_jones', 'scarlett.jones@example.com', 'password5050', '081234567952', '2023-05-01 16:00:00'),
(50, 'austin_lee', 'austin.lee@example.com', 'password5151', '081234567953', '2023-06-01 18:00:00');

INSERT INTO locations (city, state, country) VALUES
('Jakarta', 'DKI Jakarta', 'Indonesia'),
('Surabaya', 'Jawa Timur', 'Indonesia'),
('Bandung', 'Jawa Barat', 'Indonesia'),
('Medan', 'Sumatera Utara', 'Indonesia'),
('Yogyakarta', 'DIY', 'Indonesia'),
('Semarang', 'Jawa Tengah', 'Indonesia'),
('Palembang', 'Sumatera Selatan', 'Indonesia'),
('Makassar', 'Sulawesi Selatan', 'Indonesia'),
('Denpasar', 'Bali', 'Indonesia'),
('Malang', 'Jawa Timur', 'Indonesia'),
('Batam', 'Kepulauan Riau', 'Indonesia'),
('Banjarmasin', 'Kalimantan Selatan', 'Indonesia'),
('Cirebon', 'Jawa Barat', 'Indonesia'),
('Pekanbaru', 'Riau', 'Indonesia'),
('Ambon', 'Maluku', 'Indonesia'),
('Tangerang', 'Banten', 'Indonesia'),
('Bekasi', 'Jawa Barat', 'Indonesia'),
('Depok', 'Jawa Barat', 'Indonesia'),
('Samarinda', 'Kalimantan Timur', 'Indonesia'),
('Makasar', 'Sulawesi Selatan', 'Indonesia'),
('Solo', 'Jawa Tengah', 'Indonesia'),
('Surakarta', 'Jawa Tengah', 'Indonesia'),
('Cilegon', 'Banten', 'Indonesia'),
('Serang', 'Banten', 'Indonesia'),
('Lombok', 'NTB', 'Indonesia'),
('Pontianak', 'Kalimantan Barat', 'Indonesia'),
('Balikpapan', 'Kalimantan Timur', 'Indonesia'),
('Jayapura', 'Papua', 'Indonesia'),
('Manado', 'Sulawesi Utara', 'Indonesia'),
('Ambon', 'Maluku', 'Indonesia'),
('Kupang', 'Nusa Tenggara Timur', 'Indonesia'),
('Mataram', 'Nusa Tenggara Barat', 'Indonesia'),
('Padang', 'Sumatera Barat', 'Indonesia'),
('Palangkaraya', 'Kalimantan Tengah', 'Indonesia'),
('Cimahi', 'Jawa Barat', 'Indonesia'),
('Sleman', 'DIY', 'Indonesia'),
('Indramayu', 'Jawa Barat', 'Indonesia'),
('Karawang', 'Jawa Barat', 'Indonesia'),
('Ponorogo', 'Jawa Timur', 'Indonesia'),
('Kudus', 'Jawa Tengah', 'Indonesia'),
('Jember', 'Jawa Timur', 'Indonesia'),
('Tegal', 'Jawa Tengah', 'Indonesia'),
('Rembang', 'Jawa Tengah', 'Indonesia'),
('Pati', 'Jawa Tengah', 'Indonesia'),
('Banda Aceh', 'Aceh', 'Indonesia'),
('Lhokseumawe', 'Aceh', 'Indonesia'),
('Sidoarjo', 'Jawa Timur', 'Indonesia'),
('Sukabumi', 'Jawa Barat', 'Indonesia'),
('Probolinggo', 'Jawa Timur', 'Indonesia');

INSERT INTO products (product_id, user_id, brand, model, price, location_id, created_at, year) VALUES
(1, 1, 'Toyota', 'Avanza', 200000000, 1, '2023-01-01 10:00:00', 2018),
(2, 2, 'Honda', 'CRV', 250000000, 2, '2023-02-01 12:00:00', 2017),
(3, 3, 'Suzuki', 'Ertiga', 180000000, 3, '2023-03-01 14:00:00', 2020),
(4, 4, 'Daihatsu', 'Xenia', 150000000, 4, '2023-04-01 16:00:00', 2016),
(5, 5, 'Mitsubishi', 'Xpander', 300000000, 5, '2023-05-01 11:00:00', 2021),
(6, 6, 'Honda', 'Civic', 350000000, 6, '2023-06-01 10:00:00', 2019),
(7, 7, 'Toyota', 'Fortuner', 600000000, 7, '2023-07-01 12:00:00', 2020),
(8, 8, 'Nissan', 'Navara', 500000000, 8, '2023-08-01 13:00:00', 2021),
(9, 9, 'Mazda', 'CX-5', 550000000, 9, '2023-09-01 14:00:00', 2020),
(10, 10, 'Ford', 'Ranger', 450000000, 10, '2023-10-01 15:00:00', 2019),
(11, 11, 'Chevrolet', 'Trax', 400000000, 11, '2023-11-01 16:00:00', 2020),
(12, 12, 'Hyundai', 'Tucson', 375000000, 12, '2023-12-01 10:00:00', 2018),
(13, 13, 'BMW', 'X5', 1200000000, 13, '2023-01-01 11:00:00', 2021),
(14, 14, 'Audi', 'Q5', 1000000000, 14, '2023-02-01 12:00:00', 2020),
(15, 15, 'Mercedes-Benz', 'GLC', 1100000000, 15, '2023-03-01 13:00:00', 2021),
(16, 16, 'Toyota', 'Innova', 350000000, 1, '2023-04-01 14:00:00', 2020),
(17, 17, 'Honda', 'HR-V', 400000000, 2, '2023-05-01 15:00:00', 2019),
(18, 18, 'Kia', 'Seltos', 450000000, 3, '2023-06-01 16:00:00', 2020),
(19, 19, 'Ford', 'Ecosport', 380000000, 4, '2023-07-01 10:00:00', 2021),
(20, 20, 'Mazda', '3', 450000000, 5, '2023-08-01 11:00:00', 2020),
(21, 21, 'Hyundai', 'Elantra', 400000000, 6, '2023-09-01 12:00:00', 2019),
(22, 22, 'Nissan', 'Juke', 350000000, 7, '2023-10-01 13:00:00', 2021),
(23, 23, 'Mitsubishi', 'Pajero Sport', 650000000, 8, '2023-11-01 14:00:00', 2020),
(24, 24, 'Isuzu', 'D-Max', 550000000, 9, '2023-12-01 15:00:00', 2020),
(25, 25, 'Toyota', 'Hilux', 600000000, 10, '2023-01-01 11:00:00', 2019),
(26, 26, 'Honda', 'Accord', 800000000, 11, '2023-02-01 12:00:00', 2020),
(27, 27, 'Volkswagen', 'Tiguan', 750000000, 12, '2023-03-01 13:00:00', 2021),
(28, 28, 'Peugeot', '3008', 700000000, 13, '2023-04-01 14:00:00', 2020),
(29, 29, 'Mazda', 'CX-3', 600000000, 14, '2023-05-01 15:00:00', 2021),
(30, 30, 'Honda', 'Odyssey', 700000000, 15, '2023-06-01 16:00:00', 2019),
(31, 31, 'Nissan', 'X-Trail', 650000000, 1, '2023-07-01 10:00:00', 2020),
(32, 32, 'Kia', 'Sportage', 600000000, 2, '2023-08-01 11:00:00', 2019),
(33, 33, 'Toyota', 'Corolla', 550000000, 3, '2023-09-01 12:00:00', 2020),
(34, 34, 'Chevrolet', 'Silverado', 1000000000, 4, '2023-10-01 13:00:00', 2021),
(35, 35, 'Ford', 'Mustang', 1200000000, 5, '2023-11-01 14:00:00', 2020),
(36, 36, 'Daihatsu', 'Terios', 350000000, 6, '2023-12-01 15:00:00', 2021),
(37, 37, 'Suzuki', 'Swift', 200000000, 7, '2023-01-01 10:00:00', 2019),
(38, 38, 'Toyota', 'Land Cruiser', 1500000000, 8, '2023-02-01 11:00:00', 2020),
(39, 39, 'Mazda', 'MX-5', 1200000000, 9, '2023-03-01 12:00:00', 2020),
(40, 40, 'BMW', '3 Series', 1000000000, 10, '2023-04-01 13:00:00', 2021),
(41, 41, 'Audi', 'A4', 950000000, 11, '2023-05-01 14:00:00', 2020),
(42, 42, 'Hyundai', 'Santa Fe', 850000000, 12, '2023-06-01 15:00:00', 2021),
(43, 43, 'Toyota', 'Prius', 500000000, 13, '2023-07-01 16:00:00', 2020),
(44, 44, 'Kia', 'Rio', 250000000, 14, '2023-08-01 10:00:00', 2020),
(45, 45, 'Suzuki', 'Baleno', 230000000, 15, '2023-09-01 11:00:00', 2021),
(46, 46, 'Honda', 'Jazz', 300000000, 1, '2023-10-01 12:00:00', 2020),
(47, 47, 'Nissan', 'Leaf', 600000000, 2, '2023-11-01 13:00:00', 2020),
(48, 48, 'Mitsubishi', 'Lancer', 500000000, 3, '2023-12-01 14:00:00', 2020),
(49, 49, 'Ford', 'F-150', 1100000000, 4, '2023-01-01 11:00:00', 2021),
(50, 50, 'Honda', 'CR-V', 650000000, 5, '2023-02-01 12:00' , 2022); 


INSERT INTO ads (product_id, ad_status, published_at) VALUES
(151, 'active', '2023-01-01 10:00:00'),
(152, 'active', '2023-02-01 12:00:00'),
(153, 'active', '2023-03-01 14:00:00'),
(154, 'active', '2023-04-01 16:00:00'),
(155, 'active', '2023-05-01 18:00:00'),
(156, 'active', '2023-06-01 20:00:00'),
(157, 'active', '2023-07-01 22:00:00'),
(158, 'active', '2023-08-01 10:00:00'),
(159, 'active', '2023-09-01 12:00:00'),
(160, 'active', '2023-10-01 14:00:00'),
(161, 'active', '2023-11-01 16:00:00'),
(162, 'active', '2023-12-01 18:00:00'),
(163, 'active', '2024-01-01 20:00:00'),
(164, 'active', '2024-02-01 22:00:00'),
(165, 'active', '2024-03-01 10:00:00'),
(166, 'active', '2024-04-01 12:00:00'),
(167, 'active', '2024-05-01 14:00:00'),
(168, 'active', '2024-06-01 16:00:00'),
(169, 'active', '2024-07-01 18:00:00'),
(170, 'active', '2024-08-01 20:00:00'),
(171, 'active', '2024-09-01 22:00:00'),
(172, 'active', '2024-10-01 10:00:00'),
(173, 'active', '2024-11-01 12:00:00'),
(174, 'active', '2024-12-01 14:00:00'),
(175, 'active', '2025-01-01 16:00:00'),
(176, 'active', '2025-02-01 18:00:00'),
(177, 'active', '2025-03-01 20:00:00'),
(178, 'active', '2025-04-01 22:00:00'),
(179, 'active', '2025-05-01 10:00:00'),
(180, 'active', '2025-06-01 12:00:00'),
(181, 'active', '2025-07-01 14:00:00'),
(182, 'active', '2025-08-01 16:00:00'),
(183, 'active', '2025-09-01 18:00:00'),
(184, 'active', '2025-10-01 20:00:00'),
(185, 'active', '2025-11-01 22:00:00'),
(186, 'active', '2025-12-01 10:00:00'),
(187, 'active', '2026-01-01 12:00:00'),
(188, 'active', '2026-02-01 14:00:00'),
(189, 'active', '2026-03-01 16:00:00'),
(190, 'active', '2026-04-01 18:00:00'),
(191, 'active', '2026-05-01 20:00:00'),
(192, 'active', '2026-06-01 22:00:00'),
(193, 'active', '2026-07-01 10:00:00'),
(194, 'active', '2026-08-01 12:00:00'),
(195, 'active', '2026-09-01 14:00:00'),
(196, 'active', '2026-10-01 16:00:00'),
(197, 'active', '2026-11-01 18:00:00'),
(198, 'active', '2026-12-01 20:00:00'),
(199, 'active', '2027-01-01 22:00:00'),
(200, 'active', '2027-02-01 10:00:00');

INSERT INTO bids (product_id, user_id, bid_price, created_at) VALUES
(151, 1, 210000000, '2023-01-02 11:00:00'),
(152, 2, 220000000, '2023-02-02 13:00:00'),
(153, 3, 230000000, '2023-03-02 15:00:00'),
(154, 4, 240000000, '2023-04-02 17:00:00'),
(155, 5, 250000000, '2023-05-02 19:00:00'),
(156, 6, 260000000, '2023-06-02 21:00:00'),
(157, 7, 270000000, '2023-07-02 23:00:00'),
(158, 8, 280000000, '2023-08-02 10:00:00'),
(159, 9, 290000000, '2023-09-02 12:00:00'),
(160, 10, 300000000, '2023-10-02 14:00:00'),
(161, 11, 310000000, '2023-11-02 16:00:00'),
(162, 12, 320000000, '2023-12-02 18:00:00'),
(163, 13, 330000000, '2024-01-02 20:00:00'),
(164, 14, 340000000, '2024-02-02 22:00:00'),
(165, 15, 350000000, '2024-03-02 10:00:00'),
(166, 16, 360000000, '2024-04-02 12:00:00'),
(167, 17, 370000000, '2024-05-02 14:00:00'),
(168, 18, 380000000, '2024-06-02 16:00:00'),
(169, 19, 390000000, '2024-07-02 18:00:00'),
(170, 20, 400000000, '2024-08-02 20:00:00'),
(171, 21, 410000000, '2024-09-02 22:00:00'),
(172, 22, 420000000, '2024-10-02 10:00:00'),
(173, 23, 430000000, '2024-11-02 12:00:00'),
(174, 24, 440000000, '2024-12-02 14:00:00'),
(175, 25, 450000000, '2025-01-02 16:00:00'),
(176, 26, 460000000, '2025-02-02 18:00:00'),
(177, 27, 470000000, '2025-03-02 20:00:00'),
(178, 28, 480000000, '2025-04-02 22:00:00'),
(179, 29, 490000000, '2025-05-02 10:00:00'),
(180, 30, 500000000, '2025-06-02 12:00:00'),
(181, 31, 510000000, '2025-07-02 14:00:00'),
(182, 32, 520000000, '2025-08-02 16:00:00'),
(183, 33, 530000000, '2025-09-02 18:00:00'),
(184, 34, 540000000, '2025-10-02 20:00:00'),
(185, 35, 550000000, '2025-11-02 22:00:00'),
(186, 36, 560000000, '2025-12-02 10:00:00'),
(187, 37, 570000000, '2026-01-02 12:00:00'),
(188, 38, 580000000, '2026-02-02 14:00:00'),
(189, 39, 590000000, '2026-03-02 16:00:00'),
(190, 40, 600000000, '2026-04-02 18:00:00'),
(191, 41, 610000000, '2026-05-02 20:00:00'),
(192, 42, 620000000, '2026-06-02 22:00:00'),
(193, 43, 630000000, '2026-07-02 10:00:00'),
(194, 44, 640000000, '2026-08-02 12:00:00'),
(195, 45, 650000000, '2026-09-02 14:00:00'),
(196, 46, 660000000, '2026-10-02 16:00:00'),
(197, 47, 670000000, '2026-11-02 18:00:00'),
(198, 48, 680000000, '2026-12-02 20:00:00'),
(199, 49, 690000000, '2027-01-02 22:00:00'),
(200, 50, 700000000, '2027-02-02 10:00:00');
